,.id,synsetOffset,lexFilenum,lexFileName,pos,posName,wCnt,words,pCnt,pointers,frames,gloss
1,adv,00001740,02,all adverbs,r,Adverb,1,a_cappella 0,0,NA,NA,without musical accompaniment; "they performed a cappella"  
2,adv,00001837,02,all adverbs,r,Adverb,3,AD 0 A.D. 0 anno_Domini 0,0,NA,NA,in the Christian era; used before dates after the supposed year Christ was born; "in AD 200"  
3,adv,00001981,02,all adverbs,r,Adverb,3,CE 0 C.E. 0 Common_Era 0,0,NA,NA,of the period coinciding with the Christian era; preferred by some writers who are not Christians; "in 200 CE"  
4,adv,00002142,02,all adverbs,r,Adverb,3,BC 0 B.C. 0 before_Christ 0,0,NA,NA,before the Christian era; used following dates before the supposed year Christ was born; "in 200 BC"  
5,adv,00002296,02,all adverbs,r,Adverb,2,BCE 0 B.C.E. 0,0,NA,NA,of the period before the Common Era; preferred by some writers who are not Christians; "in 200 BCE"  
6,adv,00002436,02,all adverbs,r,Adverb,3,horseback 0 ahorse 0 ahorseback 0,0,NA,NA,on the back of a horse; "he rode horseback to town"; "managed to escape ahorse"; "policeman patrolled the streets ahorseback"  
7,adv,00002621,02,all adverbs,r,Adverb,5,barely 0 hardly 0 just 4 scarcely 0 scarce 0,0,NA,NA,only a very short time before; "they could barely hear the speaker"; "we hardly knew them"; "just missed being hit"; "had scarcely rung the bell when the door flew open"; "would have scarce arrived before she would have found some excuse to leave"- W.B.Yeats  
8,adv,00002950,02,all adverbs,r,Adverb,1,just 6,0,NA,NA,exactly at this moment or the moment described; "we've just finished painting the walls, so don't touch them";  
9,adv,00003093,02,all adverbs,r,Adverb,2,hardly 2 scarcely 2,1,\ 00016756 a 0201,NA,almost not; "he hardly ever goes fishing"; "he was hardly more than sixteen years old"; "they scarcely ever used the emergency generator"  
10,adv,00003294,02,all adverbs,r,Adverb,1,anisotropically 0,1,\ 01361107 a 0101,NA,in an anisotropic manner  
11,adv,00003380,02,all adverbs,r,Adverb,1,annoyingly 0,1,\ 00089550 a 0101,NA,in an annoying manner or to an annoying degree  
12,adv,00003483,02,all adverbs,r,Adverb,3,basically 0 fundamentally 0 essentially 1,2,\ 00900616 a 0301 \ 01856419 a 0201,NA,in essence; at bottom or by one's (or its) very nature; "He is basically dishonest"; "the argument was essentially a technical one"; "for all his bluster he is in essence a shy person"  
13,adv,00003771,02,all adverbs,r,Adverb,1,blessedly 0,1,\ 00670741 a 0101,NA,in a blessed manner  
14,adv,00003846,02,all adverbs,r,Adverb,1,boiling 0,1,;u 07075172 n 0000,NA,extremely; "boiling mad"  
15,adv,00003925,02,all adverbs,r,Adverb,1,enviably 0,1,\ 00733541 a 0101,NA,in an enviable manner; "she was enviably fluent in French"  
16,adv,00004038,02,all adverbs,r,Adverb,1,pointedly 0,1,\ 00765862 a 0101,NA,in such a manner as to make something clearly evident; "he pointedly ignored the question"  
17,adv,00004184,02,all adverbs,r,Adverb,1,negatively 0,1,\ 01818234 a 0101,NA,in a negative way; "he was negatively inclined"  
18,adv,00004288,02,all adverbs,r,Adverb,1,negatively 1,1,\ 01128508 a 0101,NA,in a harmful manner; "he was negatively affected"  
19,adv,00004394,02,all adverbs,r,Adverb,1,kindly 0,2,\ 01372049 a 0101 ! 00004567 r 0101,NA,in a kind manner or out of kindness; "He spoke kindly to the boy"; "she kindly overlooked the mistake"  
20,adv,00004567,02,all adverbs,r,Adverb,1,unkindly 0,2,! 00004394 r 0101 \ 01373728 a 0101,NA,in an unkind manner or with unkindness; "The teacher treats the children unkindly"  
21,adv,00004722,02,all adverbs,r,Adverb,5,merely 0 simply 0 just 0 only 2 but 1,2,\ 01792573 a 0203 \ 01792573 a 0102,NA,and nothing more; "I was merely asking"; "it is simply a matter of time"; "just a scratch"; "he was only a child"; "hopes that last but a moment"  
22,adv,00004967,02,all adverbs,r,Adverb,1,simply 2,0,NA,NA,absolutely; altogether; really; "we are simply broke"  
23,adv,00005055,02,all adverbs,r,Adverb,2,plainly 1 simply 1,0,NA,NA,in a simple manner; without extravagance or embellishment; "she was dressed plainly"; "they lived very simply"  
24,adv,00005210,02,all adverbs,r,Adverb,1,anciently 0,1,\ 01728614 a 0101,NA,in ancient times; long ago; "a concern with what may have happened anciently"  
25,adv,00005343,02,all adverbs,r,Adverb,1,arguably 0,1,\ 00602117 a 0101,NA,as can be shown by argument; "she is arguably the best"
26,verb,00001740,29,verbs of grooming, dressing and bodily care,v,Verb,4,breathe 0 take_a_breath 0 respire 0 suspire 3,21,* 00005041 v 0000 * 00004227 v 0000 + 03110322 a 0301 + 00831191 n 0303 + 04080833 n 0301 + 04250850 n 0105 + 00831191 n 0101 ^ 00004227 v 0103 ^ 00005041 v 0103 $ 00002325 v 0000 $ 00002573 v 0000 ~ 00002573 v 0000 ~ 00002724 v 0000 ~ 00002942 v 0000 ~ 00003826 v 0000 ~ 00004032 v 0000 ~ 00004227 v 0000 ~ 00005041 v 0000 ~ 00006697 v 0000 ~ 00007328 v 0000 ~ 00017031 v 0000 ,02 + 02 00 + 08 00,draw air into, and expel out of, the lungs; "I can breathe better when the air is clean"; "The patient is respiring"  
27,verb,00002325,29,verbs of grooming, dressing and bodily care,v,Verb,1,respire 1,5,$ 00001740 v 0000 @ 02108377 v 0000 + 03110322 a 0101 + 00831191 n 0103 + 00830811 n 0101 ,01 + 02 00,undergo the biomedical and metabolic processes of respiration by taking up oxygen and producing carbon monoxide  
28,verb,00002573,29,verbs of grooming, dressing and bodily care,v,Verb,1,respire 2,3,$ 00001740 v 0000 @ 00001740 v 0000 + 03110322 a 0101 ,01 + 02 00,breathe easily again, as after exertion or anxiety  
29,verb,00002724,29,verbs of grooming, dressing and bodily care,v,Verb,1,choke 0,2,@ 00001740 v 0000 + 14058252 n 0101 ,01 + 02 00,breathe with great difficulty, as when experiencing a strong emotion; "She choked with emotion when she spoke about her deceased husband"  
30,verb,00002942,29,verbs of grooming, dressing and bodily care,v,Verb,1,hyperventilate 0,3,@ 00001740 v 0000 + 00833870 n 0101 $ 00003133 v 0000 ,01 + 02 00,breathe excessively hard and fast; "The mountain climber started to hyperventilate"  
31,verb,00003133,29,verbs of grooming, dressing and bodily care,v,Verb,1,hyperventilate 1,3,$ 00002942 v 0000 @ 00078760 v 0000 + 00833870 n 0101 ,01 + 09 00,produce hyperventilation in; "The nurses had to hyperventilate the patient"  
32,verb,00003316,29,verbs of grooming, dressing and bodily care,v,Verb,1,aspirate 0,3,@ 00005041 v 0000 + 00836788 n 0103 + 02748491 n 0101 ,01 + 08 00,suck in (air)  
33,verb,00003431,29,verbs of grooming, dressing and bodily care,v,Verb,4,burp 0 bubble 0 belch 0 eruct 0,5,@ 00105333 v 0000 + 00117578 n 0405 + 00117578 n 0301 + 09229709 n 0201 + 00117578 n 0103 ,01 + 02 00,expel gas from the stomach; "In China it is polite to burp at the table"  
34,verb,00003662,29,verbs of grooming, dressing and bodily care,v,Verb,1,force_out 0,1,@ 00105333 v 0000 ,02 + 08 00 + 11 00,emit or cause to move with force of effort; "force out the air"; "force out the splinter"  
35,verb,00003826,29,verbs of grooming, dressing and bodily care,v,Verb,2,hiccup 0 hiccough 0,3,@ 00001740 v 0000 + 14359459 n 0202 + 14359459 n 0101 ,01 + 02 00,breathe spasmodically, and make a sound; "When you have to hiccup, drink a glass of cold water"  
36,verb,00004032,29,verbs of grooming, dressing and bodily care,v,Verb,2,sigh 0 suspire 4,4,@ 00001740 v 0000 + 07129602 n 0202 + 07393756 n 0101 + 07129602 n 0101 ,01 + 02 00,heave or utter a sigh; breathe deeply and heavily; "She sighed sadly"  
37,verb,00004227,29,verbs of grooming, dressing and bodily care,v,Verb,3,exhale 0 expire 0 breathe_out 0,8,@ 00001740 v 0000 + 03110610 a 0201 + 00835267 n 0202 + 14842091 n 0102 + 00835267 n 0101 ! 00005041 v 0101 ~ 00006523 v 0000 ~ 00007012 v 0000 ,02 + 02 00 + 08 00,expel air; "Exhale when you lift the weight"  
38,verb,00004492,29,verbs of grooming, dressing and bodily care,v,Verb,1,hold 4,1,@ 02422663 v 0000 ,01 + 08 00,keep from exhaling or expelling; "hold your breath"  
39,verb,00004605,29,verbs of grooming, dressing and bodily care,v,Verb,3,exhale 1 give_forth 0 emanate 0,4,@ 00105333 v 0000 + 15109745 n 0301 + 01253060 n 0302 + 14842091 n 0102 ,02 + 08 00 + 11 00,give out (breath or an odor); "The chimney exhales a thick smoke"  
40,verb,00004819,29,verbs of grooming, dressing and bodily care,v,Verb,1,sneeze 0,5,* 00004227 v 0000 @ 00010241 v 0000 + 10616578 n 0101 + 14314850 n 0102 + 14314850 n 0101 ,01 + 02 00,exhale spasmodically, as when an irritant entered one's nose; "Pepper makes me sneeze"  
41,verb,00005041,29,verbs of grooming, dressing and bodily care,v,Verb,3,inhale 0 inspire 0 breathe_in 0,14,@ 00001740 v 0000 + 03110485 a 0201 + 00836788 n 0202 + 02749365 a 0101 + 14919156 n 0101 + 00836788 n 0101 + 04080833 n 0102 ! 00004227 v 0101 ~ 00003316 v 0000 ~ 00007549 v 0000 ~ 00101779 v 0000 ~ 00109263 v 0000 ~ 01199009 v 0000 ~ 01200245 v 0000 ,02 + 02 00 + 08 00,draw in (air); "Inhale deeply"; "inhale the fresh mountain air"; "The patient has trouble inspiring"; "The lung cancer patient cannot inspire air very well"  
42,verb,00005526,29,verbs of grooming, dressing and bodily care,v,Verb,4,pant 0 puff 0 gasp 0 heave 1,7,@ 00007012 v 0000 + 00834135 n 0402 + 00837098 n 0301 + 00835501 n 0202 + 00834460 n 0201 + 00837098 n 0102 + 00834135 n 0101 ,01 + 02 00,breathe noisily, as when one is exhausted; "The runners reached the finish line, panting heavily"  
43,verb,00005815,29,verbs of grooming, dressing and bodily care,v,Verb,1,cough 0,8,@ 00006238 v 0000 + 14359174 n 0101 + 14359174 n 0102 ^ 00006238 v 0103 ^ 00006238 v 0102 ^ 02200341 v 0101 ~ 00006100 v 0000 ~ 00035089 v 0000 ,02 + 02 00 + 08 00,exhale abruptly, as when one has a chest cold or congestion; "The smoker coughs all day"  
44,verb,00006100,29,verbs of grooming, dressing and bodily care,v,Verb,2,hack 0 whoop 0,1,@ 00005815 v 0000 ,01 + 02 00,cough spasmodically; "The patient with emphysema is hacking all day"  
45,verb,00006238,29,verbs of grooming, dressing and bodily care,v,Verb,5,expectorate 0 cough_up 0 cough_out 0 spit_up 0 spit_out 1,7,@ 00104868 v 0000 + 13477934 n 0101 + 00118552 n 0103 + 10636874 n 0102 ~ 00005815 v 0000 ~ 00101956 v 0000 ~ 00102303 v 0000 ,01 + 02 00,discharge (phlegm or sputum) from the lungs and out of the mouth  
46,verb,00006523,29,verbs of grooming, dressing and bodily care,v,Verb,1,snort 0,3,@ 00004227 v 0000 + 10617501 n 0101 + 00834460 n 0103 ,01 + 02 00,make a snorting sound by exhaling hard; "The critic snorted contemptuously"  
47,verb,00006697,29,verbs of grooming, dressing and bodily care,v,Verb,1,wheeze 0,2,@ 00001740 v 0000 + 00836407 n 0101 ,01 + 02 00,breathe with difficulty  
48,verb,00006802,29,verbs of grooming, dressing and bodily care,v,Verb,3,puff 1 huff 0 chuff 0,4,@ 00007012 v 0000 + 00834460 n 0202 + 00835501 n 0102 + 00834460 n 0101 ,01 + 02 00,blow hard and loudly; "he huffed and puffed as he made his way up the mountain"  
49,verb,00007012,29,verbs of grooming, dressing and bodily care,v,Verb,1,blow 0,5,@ 00004227 v 0000 + 00835501 n 0101 ~ 00005526 v 0000 ~ 00006802 v 0000 ~ 00007193 v 0000 ,01 + 02 00,exhale hard; "blow on the soup to cool it down"  
50,verb,00007193,29,verbs of grooming, dressing and bodily care,v,Verb,1,insufflate 0,3,@ 00007012 v 0000 + 00835830 n 0101 $ 00079629 v 0000 ,01 + 08 00,blow or breathe hard on or into  
51,verb,00005815,29,verbs of grooming, dressing and bodily care,v,Verb,1,cough 0,8,@ 00006238 v 0000 + 14359174 n 0101 + 14359174 n 0102 ^ 00006238 v 0103 ^ 00006238 v 0102 ^ 02200341 v 0101 ~ 00006100 v 0000 ~ 00035089 v 0000,02 + 02 00 + 08 00  02 + 02 00 + 08 00,exhale abruptly, as when one has a chest cold or congestion; "The smoker coughs all day"
52,adj,00001740,00,all adjective clusters,a,Adjective,1,able 0,5,= 05200169 n 0000 = 05616246 n 0000 + 05616246 n 0101 + 05200169 n 0101 ! 00002098 a 0101,NA,(usually followed by `to') having the necessary means or skill or know-how or authority to do something; "able to swim"; "she was able to program her computer"; "we were at last able to buy a car"; "able to get a grant for the project"  
53,adj,00002098,00,all adjective clusters,a,Adjective,1,unable 0,2,= 05200169 n 0000 ! 00001740 a 0101,NA,(usually followed by `to') not having the necessary means or skill or know-how; "unable to get to town without a car"; "unable to obtain funds"  
54,adj,00002312,00,all adjective clusters,a,Adjective,2,abaxial 0 dorsal 4,2,;c 06037666 n 0000 ! 00002527 a 0101,NA,facing away from the axis of an organ or organism; "the abaxial surface of a leaf is the underside or side facing away from the stem"  
55,adj,00002527,00,all adjective clusters,a,Adjective,2,adaxial 0 ventral 4,2,;c 06037666 n 0000 ! 00002312 a 0101,NA,nearest to or facing toward the axis of an organ or organism; "the upper side of a leaf is known as the adaxial surface"  
56,adj,00002730,00,all adjective clusters,a,Adjective,1,acroscopic 0,2,;c 06066555 n 0000 ! 00002843 a 0101,NA,facing or on the side toward the apex  
57,adj,00002843,00,all adjective clusters,a,Adjective,1,basiscopic 0,2,;c 06066555 n 0000 ! 00002730 a 0101,NA,facing or on the side toward the base  
58,adj,00002956,00,all adjective clusters,a,Adjective,2,abducent 0 abducting 0,2,;c 06080522 n 0000 ! 00003131 a 0101,NA,especially of muscles; drawing away from the midline of the body or from an adjacent part  
59,adj,00003131,00,all adjective clusters,a,Adjective,3,adducent 0 adductive 0 adducting 0,3,;c 06080522 n 0000 + 01449236 v 0201 ! 00002956 a 0101,NA,especially of muscles; bringing together or drawing toward the midline of the body or toward an adjacent part  
60,adj,00003356,00,all adjective clusters,a,Adjective,1,nascent 0,5,+ 07320302 n 0103 ! 00003939 a 0101 & 00003553 a 0000 & 00003700 a 0000 & 00003829 a 0000,NA, being born or beginning; "the nascent chicks"; "a nascent insurgency"   
61,adj,00003939,00,all adjective clusters,a,Adjective,1,dying 0,3,! 00003356 a 0101 & 00004171 a 0000 & 00004296 a 0000,NA,in or associated with the process of passing from life or ceasing to be; "a dying man"; "his dying wish"; "a dying fire"; "a dying civilization"  
62,adj,00004413,00,all adjective clusters,a,Adjective,1,abridged 0,5,^ 01442186 a 0000 ! 00004980 a 0101 & 00004615 a 0000 & 00004723 a 0000 & 00004817 a 0000,NA,(used of texts) shortened by condensing or rewriting; "an abridged version"  
63,adj,00004980,00,all adjective clusters,a,Adjective,1,unabridged 0,2,! 00004413 a 0101 & 00005107 a 0000,NA,(used of texts) not shortened; "an unabridged novel"  
64,adj,00005205,00,all adjective clusters,a,Adjective,1,absolute 0,7,+ 05854474 n 0101 + 04738398 n 0101 ! 00006032 a 0101 & 00005473 a 0000 & 00005599 a 0000 & 00005718 a 0000 & 00005839 a 0000,NA,perfect or complete or pure; "absolute loyalty"; "absolute silence"; "absolute truth"; "absolute alcohol"  
65,adj,00006032,00,all adjective clusters,a,Adjective,2,relative 0 comparative 0,5,+ 00653620 v 0201 + 00652900 v 0201 + 05212609 n 0101 ! 00005205 a 0101 & 00006245 a 0000,NA,estimated by comparison; not absolute or complete; "a relative stranger"  
66,adj,00006336,00,all adjective clusters,a,Adjective,2,absorbent 0 absorptive 0,15,= 04940964 n 0000 + 02765464 v 0201 + 01539633 v 0201 + 05010062 n 0201 + 04940964 n 0101 + 02765464 v 0101 + 01539633 v 0101 ! 00007813 a 0101 & 00006777 a 0000 & 00006885 a 0000 & 00007096 a 0000 & 00007208 a 0000 & 00007331 a 0000 & 00007516 a 0000 & 00007697 a 0000,NA,having power or capacity or tendency to absorb or soak up something (liquids or energy etc.); "as absorbent as a sponge"  
67,adj,00007813,00,all adjective clusters,a,Adjective,2,nonabsorbent 0 nonabsorptive 0,4,= 04940964 n 0000 + 04942738 n 0101 ! 00006336 a 0101 & 00007990 a 0000,NA,not capable of absorbing or soaking up (liquids)  
68,adj,00008206,00,all adjective clusters,a,Adjective,3,adsorbent 0 adsorptive 0 surface-assimilative 0,5,+ 01540232 v 0201 + 14598525 n 0101 + 01540232 v 0101 ! 00008595 a 0101 & 00008443 a 0000,NA,having capacity or tendency to adsorb or cause to accumulate on a surface  
69,adj,00008595,00,all adjective clusters,a,Adjective,2,nonadsorbent 0 nonadsorptive 0,1,! 00008206 a 0101,NA,lacking a capacity to adsorb or cause to accumulate on a surface  
70,adj,00008734,00,all adjective clusters,a,Adjective,1,absorbable 0,2,+ 02765464 v 0101 ! 00008877 a 0101,NA,capable of being absorbed or taken in through the pores of a surface  
71,adj,00008877,00,all adjective clusters,a,Adjective,2,adsorbable 0 adsorbate 0,3,+ 14598704 n 0201 + 01540232 v 0101 ! 00008734 a 0101,NA,capable of being adsorbed or accumulated on a surface of a solid  
72,adj,00009046,00,all adjective clusters,a,Adjective,1,abstemious 0,6,^ 01299888 a 0000 = 04883942 n 0000 + 04883942 n 0101 ! 00009978 a 0101 & 00009346 a 0000 & 00009618 a 0000,NA,sparing in consumption of especially food and drink; "the pleasures of the table, never of much consequence to one naturally abstemious"- John Galsworthy  
73,adj,00009978,00,all adjective clusters,a,Adjective,1,gluttonous 0,10,^ 01297315 a 0000 = 04886101 n 0000 + 10132988 n 0101 ! 00009046 a 0101 & 00010385 a 0000 & 00010537 a 0000 & 00010726 a 0000 & 00011160 a 0000 & 00011327 a 0000 & 00011665 a 0000,NA,given to excess in consumption of especially food or drink; "over-fed women and their gluttonous husbands"; "a gluttonous debauch"; "a gluttonous appetite for food and praise and pleasure"  
74,adj,00011757,00,all adjective clusters,a,Adjective,1,abstract 0,10,^ 02391867 a 0000 ^ 01980250 a 0000 = 04762134 n 0000 + 05854150 n 0102 + 04762134 n 0101 ! 00013160 a 0101 & 00012071 a 0000 & 00012362 a 0000 & 00012689 a 0000 & 00012932 a 0000,NA,existing only in the mind; separated from embodiment; "abstract words like `truth' and `justice'"  
75,adj,00013160,00,all adjective clusters,a,Adjective,1,concrete 0,8,^ 02391455 a 0000 ^ 01834304 a 0000 ^ 01932973 a 0000 = 04759849 n 0000 + 04759849 n 0101 ! 00011757 a 0101 & 00013442 a 0000 & 00013662 a 0000,NA,capable of being perceived by the senses; not abstract or imaginary; "concrete objects such as trees"  
76,adj,00013887,00,all adjective clusters,a,Adjective,1,abundant 0,21,^ 00105746 a 0000 ^ 02021905 a 0000 = 05108740 n 0000 + 02715279 v 0101 + 05115040 n 0101 ! 00016756 a 0101 & 00014358 a 0000 & 00014490 a 0000 & 00014858 a 0000 & 00015097 a 0000 & 00015247 a 0000 & 00015480 a 0000 & 00015589 a 0000 & 00015720 a 0000 & 00015854 a 0000 & 00016005 a 0000 & 00016135 a 0000 & 00016247 a 0000 & 00016350 a 0000 & 00016532 a 0000 & 00016647 a 0000,NA,present in great quantity; "an abundant supply of water"  
77,adj,00003553,00,all adjective clusters,s,Adjective Sattellite,2,emergent 0 emerging 0,3,& 00003356 a 0000 + 02625016 v 0102 + 00050693 n 0101,NA,coming into existence; "an emergent republic"  
78,adj,00003700,00,all adjective clusters,s,Adjective Sattellite,1,dissilient 0,2,& 00003356 a 0000 + 07434782 n 0101,NA,bursting open with force, as do some ripe seed vessels  
79,adj,00003829,00,all adjective clusters,s,Adjective Sattellite,1,parturient 0,2,& 00003356 a 0000 + 14048441 n 0101,NA,giving birth; "a parturient heifer"  
80,adj,00004171,00,all adjective clusters,s,Adjective Sattellite,1,moribund 0,1,& 00003939 a 0000,NA,being on the point of death; breathing your last; "a moribund patient"  
81,adj,00004296,00,all adjective clusters,s,Adjective Sattellite,1,last 0,1,& 00003939 a 0000,NA,occurring at the time of death; "his last words"; "the last rites"  
82,adj,00004615,00,all adjective clusters,s,Adjective Sattellite,2,cut 0 shortened 0,1,& 00004413 a 0000,NA,with parts removed; "the drastically cut film"  
83,adj,00004723,00,all adjective clusters,s,Adjective Sattellite,1,half-length 0,1,& 00004413 a 0000,NA,abridged to half its original length  
84,adj,00004817,00,all adjective clusters,s,Adjective Sattellite,1,potted 0,3,& 00004413 a 0000 ;r 08860123 n 0000 ;u 07075172 n 0000,NA,(British informal) summarized or abridged; "a potted version of a novel"  
85,adj,00005107,00,all adjective clusters,s,Adjective Sattellite,2,full-length 0 uncut 0,1,& 00004980 a 0000,NA,complete; "the full-length play"  
86,adj,00005473,00,all adjective clusters,s,Adjective Sattellite,1,direct 0,1,& 00005205 a 0000,NA,lacking compromising or mitigating elements; exact; "the direct opposite"  
87,adj,00005599,00,all adjective clusters,s,Adjective Sattellite,2,implicit 0 unquestioning 0,1,& 00005205 a 0000,NA,being without doubt or reserve; "implicit trust"  
88,adj,00005718,00,all adjective clusters,s,Adjective Sattellite,1,infinite 0,2,& 00005205 a 0000 + 05209324 n 0101,NA,total and all-embracing; "God's infinite wisdom"  
89,adj,00005839,00,all adjective clusters,s,Adjective Sattellite,1,living 0,2,& 00005205 a 0000 ;u 06321054 n 0000,NA,(informal) absolute; "she is a living doll"; "scared the living daylights out of them"; "beat the living hell out of him"  
90,adj,00006245,00,all adjective clusters,s,Adjective Sattellite,1,relational 0,1,& 00006032 a 0000,NA,having a relation or being related  
91,adj,00006777,00,all adjective clusters,s,Adjective Sattellite,2,absorbefacient 0 sorbefacient 0,1,& 00006336 a 0000,NA,inducing or promoting absorption  
92,adj,00006885,00,all adjective clusters,s,Adjective Sattellite,3,assimilating 0 assimilative 0 assimilatory 0,3,& 00006336 a 0000 + 01540042 v 0301 + 01540042 v 0201,NA,capable of taking (gas, light, or liquids) into a solution; "an assimilative substance  
93,adj,00007096,00,all adjective clusters,s,Adjective Sattellite,1,hygroscopic 0,2,& 00006336 a 0000 + 03554645 n 0101,NA,absorbing moisture (as from the air)  
94,adj,00007208,00,all adjective clusters,s,Adjective Sattellite,1,receptive 0,1,& 00006336 a 0000,NA,able to absorb liquid (not repellent); "the paper is ink-receptive"  
95,adj,00007331,00,all adjective clusters,s,Adjective Sattellite,1,shock-absorbent 0,1,& 00006336 a 0000,NA,having the capacity to absorb the energy of an impact; "the material absorbs shock and is used for shock-absorbent insoles"  
96,adj,00007516,00,all adjective clusters,s,Adjective Sattellite,2,spongy 0 spongelike 0,3,& 00006336 a 0000 + 14597758 n 0101 + 04940379 n 0101,NA,like a sponge in being able to absorb liquids and yield it back when compressed  
97,adj,00007697,00,all adjective clusters,s,Adjective Sattellite,1,thirsty 0,1,& 00006336 a 0000,NA,able to take in large quantities of moisture; "thirsty towels"  
98,adj,00007990,00,all adjective clusters,s,Adjective Sattellite,2,repellent 0 resistant 0,3,& 00007813 a 0000 + 01115916 v 0201 + 05196054 n 0101,NA,incapable of absorbing or mixing with; "a water-repellent fabric"; "plastic highly resistant to steam and water"  
99,adj,00008443,00,all adjective clusters,s,Adjective Sattellite,2,chemisorptive 0 chemosorptive 0,1,& 00008206 a 0000,NA,having the capacity to adsorb by chemical as contrasted with physical forces  
100,adj,00009346,00,all adjective clusters,s,Adjective Sattellite,2,abstinent 0 abstentious 0,6,& 00009046 a 0000 + 04882622 n 0202 + 09757944 n 0102 + 04882622 n 0101 + 01068773 n 0101 + 01196037 v 0101,NA,self-restraining; not indulging an appetite especially for food or drink; "not totally abstinent but abstemious"  
101,adj,00009618,00,all adjective clusters,s,Adjective Sattellite,4,ascetic 0 ascetical 0 austere 0 spartan 0,4,& 00009046 a 0000 + 04881998 n 0301 + 09758173 n 0202 + 09758173 n 0102,NA,practicing great self-denial; "Be systematically ascetic...do...something for no other reason than that you would rather not do it"- William James; "a desert nomad's austere life"; "a spartan diet"; "a spartan existence"   
102,adj,00004413,00,all adjective clusters,a,Adjective,1,abridged 0,5,^ 01442186 a 0000 ! 00004980 a 0101 & 00004615 a 0000 & 00004723 a 0000 & 00004817 a 0000,NA,(used of texts) shortened by condensing or rewriting; "an abridged version"  
103,adj,00005107,00,all adjective clusters,s,Adjective Sattellite,2,full-length 0 uncut 0,1,& 00004980 a 0000,NA,complete; "the full-length play"
104,noun,00001740,03,unique beginner for nouns,n,Noun,1,entity 0,3,~ 00001930 n 0000 ~ 00002137 n 0000 ~ 04424418 n 0000,NA,that which is perceived or known or inferred to have its own distinct existence (living or nonliving)  
105,noun,00001930,03,unique beginner for nouns,n,Noun,1,physical_entity 0,7,@ 00001740 n 0000 ~ 00002452 n 0000 ~ 00002684 n 0000 ~ 00007347 n 0000 ~ 00020827 n 0000 ~ 00029677 n 0000 ~ 14580597 n 0000,NA,an entity that has physical existence  
106,noun,00002137,03,unique beginner for nouns,n,Noun,2,abstraction 0 abstract_entity 0,10,@ 00001740 n 0000 + 00692329 v 0101 ~ 00023100 n 0000 ~ 00024264 n 0000 ~ 00031264 n 0000 ~ 00031921 n 0000 ~ 00033020 n 0000 ~ 00033615 n 0000 ~ 05810143 n 0000 ~ 07999699 n 0000,NA,a general concept formed by extracting common features from specific examples  
107,noun,00002452,03,unique beginner for nouns,n,Noun,1,thing 0,9,@ 00001930 n 0000 ~ 04347225 n 0000 ~ 09225146 n 0000 ~ 09312645 n 0000 ~ 09367203 n 0000 ~ 09385911 n 0000 ~ 09407867 n 0000 ~ 09465459 n 0000 ~ 09468959 n 0000,NA,a separate and self-contained entity  
108,noun,00002684,03,unique beginner for nouns,n,Noun,2,object 0 physical_object 0,39,@ 00001930 n 0000 + 00532607 v 0105 ~ 00003553 n 0000 ~ 00027167 n 0000 ~ 03009633 n 0000 ~ 03149951 n 0000 ~ 03233423 n 0000 ~ 03338648 n 0000 ~ 03532080 n 0000 ~ 03595179 n 0000 ~ 03610270 n 0000 ~ 03714721 n 0000 ~ 03892891 n 0000 ~ 04012260 n 0000 ~ 04248010 n 0000 ~ 04345288 n 0000 ~ 04486445 n 0000 ~ 07851054 n 0000 ~ 09238143 n 0000 ~ 09251689 n 0000 ~ 09267490 n 0000 ~ 09279458 n 0000 ~ 09281777 n 0000 ~ 09283193 n 0000 ~ 09287968 n 0000 ~ 09295338 n 0000 ~ 09300905 n 0000 ~ 09302031 n 0000 ~ 09308398 n 0000 ~ 09334396 n 0000 ~ 09335240 n 0000 ~ 09358550 n 0000 ~ 09368224 n 0000 ~ 09407346 n 0000 ~ 09409203 n 0000 ~ 09432990 n 0000 ~ 09468237 n 0000 ~ 09474162 n 0000 ~ 09477037 n 0000,NA,a tangible and visible entity; an entity that can cast a shadow; "it was full of rackets, balls and other objects"  
109,noun,00003553,03,unique beginner for nouns,n,Noun,2,whole 0 unit 0,15,@ 00002684 n 0000 + 01462005 v 0204 + 00367685 v 0201 + 01385458 v 0201 + 00368109 v 0201 + 00784215 a 0103 ~ 00003993 n 0000 ~ 00004258 n 0000 ~ 00019128 n 0000 ~ 00021939 n 0000 ~ 02749953 n 0000 ~ 03588414 n 0000 %p 03892891 n 0000 %p 04164989 n 0000 ~ 04353803 n 0000,NA,an assemblage of parts that is regarded as a single entity; "how big is that part compared to the whole?"; "the team is a unit"  
110,noun,00003993,03,unique beginner for nouns,n,Noun,1,congener 0,1,@ 00003553 n 0000,NA,a whole (a thing or person) of the same kind or category as another; "lard was also used, though its congener, butter, was more frequently employed"; "the American shopkeeper differs from his European congener"  
111,noun,00004258,03,unique beginner for nouns,n,Noun,2,living_thing 0 animate_thing 0,7,@ 00003553 n 0000 -c 01646941 a 0000 ~ 00004475 n 0000 ~ 00006269 n 0000 ~ 00006400 n 0000 ~ 00006484 n 0000 -c 05056234 n 0000,NA,a living (or once living) entity  
112,noun,00004475,03,unique beginner for nouns,n,Noun,2,organism 0 being 0,65,@ 00004258 n 0000 + 02614181 v 0201 + 02986509 a 0102 + 01679459 a 0101 + 01093142 a 0101 -c 00270856 a 0000 -c 00327031 a 0000 -c 01665816 a 0000 ~ 00005787 n 0000 ~ 00005930 n 0000 ~ 00006024 n 0000 ~ 00006150 n 0000 %p 00006484 n 0000 ~ 00007846 n 0000 ~ 00015388 n 0000 ~ 00017222 n 0000 ~ 00019046 n 0000 ~ 01313888 n 0000 ~ 01314026 n 0000 ~ 01314145 n 0000 ~ 01315062 n 0000 ~ 01319932 n 0000 ~ 01320093 n 0000 ~ 01320314 n 0000 ~ 01320479 n 0000 ~ 01320692 n 0000 ~ 01324019 n 0000 ~ 01326291 n 0000 ~ 01326897 n 0000 ~ 01327028 n 0000 ~ 01327322 n 0000 ~ 01328121 n 0000 ~ 01328302 n 0000 ~ 01383638 n 0000 ~ 01384313 n 0000 ~ 01384687 n 0000 ~ 01385527 n 0000 ~ 01386182 n 0000 ~ 01386354 n 0000 ~ 01415626 n 0000 ~ 01415920 n 0000 ~ 01416213 n 0000 %p 05220461 n 0000 %s 05267345 n 0000 -c 05431926 n 0000 -c 05432623 n 0000 -c 06088995 n 0000 ~ 07940242 n 0000 -c 08657249 n 0000 ~ 09819860 n 0000 ~ 10203839 n 0000 ~ 10297234 n 0000 ~ 10341660 n 0000 ~ 10456603 n 0000 ~ 10603959 n 0000 ~ 10648033 n 0000 ~ 10743675 n 0000 ~ 12992868 n 0000 ~ 13084479 n 0000 ~ 13084633 n 0000 ~ 13124164 n 0000 ~ 13124358 n 0000 ~ 13124529 n 0000 -c 13514314 n 0000 -c 13517553 n 0000,NA,a living thing that has (or can develop) the ability to act or function independently  
113,noun,00005787,03,unique beginner for nouns,n,Noun,1,benthos 0,2,@ 00004475 n 0000 + 02661574 a 0103,NA,organisms (plants and animals) that live at or near the bottom of a sea  
114,noun,00005930,03,unique beginner for nouns,n,Noun,1,dwarf 0,1,@ 00004475 n 0000,NA,a plant or animal that is atypically small  
115,noun,00006024,03,unique beginner for nouns,n,Noun,1,heterotroph 0,1,@ 00004475 n 0000,NA,an organism that depends on complex organic substances for nutrition  
116,noun,00006150,03,unique beginner for nouns,n,Noun,1,parent 0,1,@ 00004475 n 0000,NA,an organism (plant or animal) from which younger ones are obtained  
117,noun,00006269,03,unique beginner for nouns,n,Noun,1,life 0,2,@ 00004258 n 0000 ~ 07993776 n 0000,NA,living things collectively; "the oceans are teeming with life"  
118,noun,00006400,03,unique beginner for nouns,n,Noun,1,biont 0,1,@ 00004258 n 0000,NA,a discrete unit of living matter  
119,noun,00006484,03,unique beginner for nouns,n,Noun,1,cell 0,35,@ 00004258 n 0000 #p 00004475 n 0000 ;c 06037666 n 0000 + 02685299 a 0101 + 00327031 a 0101 -c 02818402 a 0000 ~ 01313888 n 0000 ~ 01459664 n 0000 ~ 01907149 n 0000 ~ 05229622 n 0000 ~ 05242752 n 0000 ~ 05268383 n 0000 %p 05312782 n 0000 ~ 05430628 n 0000 ~ 05431402 n 0000 %p 05431585 n 0000 ~ 05431926 n 0000 ~ 05432623 n 0000 %p 05432948 n 0000 %p 05434927 n 0000 %p 05445668 n 0000 %p 05447087 n 0000 ~ 05447757 n 0000 ~ 05449538 n 0000 ~ 05456732 n 0000 ~ 05458412 n 0000 ~ 05458703 n 0000 ~ 05459457 n 0000 ~ 05459590 n 0000 ~ 11530149 n 0000 ~ 11688378 n 0000 ~ 11688552 n 0000 ~ 11688750 n 0000 ~ 13092385 n 0000 ~ 13092548 n 0000,NA,(biology) the basic structural and functional unit of all organisms; they may exist as independent units of life (as in monads) or may form colonies or tissues as in higher plants and animals  
120,noun,00007347,03,unique beginner for nouns,n,Noun,3,causal_agent 0 cause 0 causal_agency 0,20,@ 00001930 n 0000 + 00323199 a 0201 + 01645601 v 0201 + 00770437 v 0203 ~ 00007846 n 0000 ~ 09190918 n 0000 ~ 09503682 n 0000 ~ 09503877 n 0000 ~ 09504464 n 0000 ~ 09504603 n 0000 ~ 09504915 n 0000 ~ 09900711 n 0000 ~ 10009926 n 0000 ~ 10378412 n 0000 ~ 10461424 n 0000 ~ 10757918 n 0000 ~ 11417561 n 0000 ~ 14540564 n 0000 ~ 14541044 n 0000 ~ 14778436 n 0000,NA,any entity that produces an effect or is responsible for events or results  
121,noun,00007846,03,unique beginner for nouns,n,Noun,6,person 0 individual 0 someone 0 somebody 0 mortal 0 soul 0,411,@ 00004475 n 0000 @ 00007347 n 0000 #m 07942152 n 0000 + 01557614 a 0501 + 00388065 v 0203 + 04618781 n 0101 + 00727573 v 0101 %p 04617562 n 0000 %p 05217168 n 0000 ~ 09604981 n 0000 ~ 09605289 n 0000 ~ 09606009 n 0000 ~ 09606527 n 0000 ~ 09607280 n 0000 ~ 09607630 n 0000 ~ 09609232 n 0000 ~ 09609561 n 0000 ~ 09609871 n 0000 ~ 09610255 n 0000 ~ 09610405 n 0000 ~ 09610660 n 0000 ~ 09613191 n 0000 ~ 09614047 n 0000 ~ 09614315 n 0000 ~ 09615465 n 0000 ~ 09615807 n 0000 ~ 09616922 n 0000 ~ 09617696 n 0000 ~ 09617867 n 0000 ~ 09618957 n 0000 ~ 09619168 n 0000 ~ 09619824 n 0000 ~ 09620078 n 0000 ~ 09620794 n 0000 ~ 09621232 n 0000 ~ 09621359 n 0000 ~ 09621545 n 0000 ~ 09622049 n 0000 ~ 09622302 n 0000 ~ 09622928 n 0000 ~ 09623038 n 0000 ~ 09624168 n 0000 ~ 09624980 n 0000 ~ 09625401 n 0000 ~ 09625789 n 0000 ~ 09626031 n 0000 ~ 09626238 n 0000 ~ 09626589 n 0000 ~ 09627017 n 0000 ~ 09627117 n 0000 ~ 09627462 n 0000 ~ 09628382 n 0000 ~ 09629246 n 0000 ~ 09629752 n 0000 ~ 09630641 n 0000 ~ 09631129 n 0000 ~ 09632274 n 0000 ~ 09632518 n 0000 ~ 09634494 n 0000 ~ 09636106 n 0000 ~ 09636339 n 0000 ~ 09638875 n 0000 ~ 09644820 n 0000 ~ 09676884 n 0000 ~ 09679170 n 0000 ~ 09681351 n 0000 ~ 09752246 n 0000 ~ 09752381 n 0000 ~ 09752519 n 0000 ~ 09752657 n 0000 ~ 09752795 n 0000 ~ 09752927 n 0000 ~ 09753065 n 0000 ~ 09753204 n 0000 ~ 09753348 n 0000 ~ 09753498 n 0000 ~ 09753642 n 0000 ~ 09753792 n 0000 ~ 09754051 n 0000 ~ 09754541 n 0000 ~ 09756961 n 0000 ~ 09757944 n 0000 ~ 09762821 n 0000 ~ 09763784 n 0000 ~ 09764201 n 0000 ~ 09764900 n 0000 ~ 09767197 n 0000 ~ 09769636 n 0000 ~ 09771664 n 0000 ~ 09772330 n 0000 ~ 09773245 n 0000 ~ 09774167 n 0000 ~ 09774783 n 0000 ~ 09776261 n 0000 ~ 09779124 n 0000 ~ 09786585 n 0000 ~ 09793141 n 0000 ~ 09796809 n 0000 ~ 09796974 n 0000 ~ 09801102 n 0000 ~ 09802445 n 0000 ~ 09804230 n 0000 ~ 09810364 n 0000 ~ 09815076 n 0000 ~ 09817536 n 0000 ~ 09824609 n 0000 ~ 09825413 n 0000 ~ 09828403 n 0000 ~ 09828600 n 0000 ~ 09831856 n 0000 ~ 09831962 n 0000 ~ 09833896 n 0000 ~ 09833997 n 0000 ~ 09836160 n 0000 ~ 09843602 n 0000 ~ 09845401 n 0000 ~ 09846265 n 0000 ~ 09850457 n 0000 ~ 09851165 n 0000 ~ 09856671 n 0000 ~ 09857852 n 0000 ~ 09860415 n 0000 ~ 09860506 n 0000 ~ 09861287 n 0000 ~ 09862845 n 0000 ~ 09864536 n 0000 ~ 09877856 n 0000 ~ 09883452 n 0000 ~ 09890749 n 0000 ~ 09898892 n 0000 ~ 09899289 n 0000 ~ 09902954 n 0000 ~ 09903936 n 0000 ~ 09906449 n 0000 ~ 09910374 n 0000 ~ 09918554 n 0000 ~ 09921673 n 0000 ~ 09930464 n 0000 ~ 09931267 n 0000 ~ 09936620 n 0000 ~ 09939313 n 0000 ~ 09947127 n 0000 ~ 09950457 n 0000 ~ 09951274 n 0000 ~ 09960315 n 0000 ~ 09962414 n 0000 ~ 09964411 n 0000 ~ 09969491 n 0000 ~ 09970088 n 0000 ~ 09976119 n 0000 ~ 09976429 n 0000 ~ 09976728 n 0000 ~ 09978889 n 0000 ~ 09990415 n 0000 ~ 09994943 n 0000 ~ 09996481 n 0000 ~ 09997212 n 0000 ~ 09997622 n 0000 ~ 10000007 n 0000 ~ 10000616 n 0000 ~ 10001058 n 0000 ~ 10001647 n 0000 ~ 10012377 n 0000 ~ 10012815 n 0000 ~ 10016954 n 0000 ~ 10018021 n 0000 ~ 10019888 n 0000 ~ 10024362 n 0000 ~ 10027246 n 0000 ~ 10033225 n 0000 ~ 10033663 n 0000 ~ 10036266 n 0000 ~ 10040617 n 0000 ~ 10044682 n 0000 ~ 10046527 n 0000 ~ 10050712 n 0000 ~ 10052843 n 0000 ~ 10055730 n 0000 ~ 10058411 n 0000 ~ 10059162 n 0000 ~ 10065547 n 0000 ~ 10072708 n 0000 ~ 10074841 n 0000 ~ 10075899 n 0000 ~ 10076778 n 0000 ~ 10080337 n 0000 ~ 10086074 n 0000 ~ 10093396 n 0000 ~ 10099375 n 0000 ~ 10109662 n 0000 ~ 10112591 n 0000 ~ 10115082 n 0000 ~ 10117511 n 0000 ~ 10117739 n 0000 ~ 10118844 n 0000 ~ 10122128 n 0000 ~ 10122300 n 0000 ~ 10138369 n 0000 ~ 10138767 n 0000 ~ 10143725 n 0000 ~ 10146927 n 0000 ~ 10147262 n 0000 ~ 10147619 n 0000 ~ 10149436 n 0000 ~ 10150794 n 0000 ~ 10158756 n 0000 ~ 10162194 n 0000 ~ 10173895 n 0000 ~ 10182913 n 0000 ~ 10183157 n 0000 ~ 10184946 n 0000 ~ 10185148 n 0000 ~ 10190745 n 0000 ~ 10191001 n 0000 ~ 10199783 n 0000 ~ 10209888 n 0000 ~ 10212780 n 0000 ~ 10213429 n 0000 ~ 10219879 n 0000 ~ 10221656 n 0000 ~ 10226993 n 0000 ~ 10227266 n 0000 ~ 10231087 n 0000 ~ 10235549 n 0000 ~ 10236842 n 0000 ~ 10238272 n 0000 ~ 10239761 n 0000 ~ 10240082 n 0000 ~ 10247044 n 0000 ~ 10247880 n 0000 ~ 10248876 n 0000 ~ 10251779 n 0000 ~ 10253122 n 0000 ~ 10260706 n 0000 ~ 10262183 n 0000 ~ 10264219 n 0000 ~ 10266328 n 0000 ~ 10268299 n 0000 ~ 10270878 n 0000 ~ 10271525 n 0000 ~ 10278666 n 0000 ~ 10282920 n 0000 ~ 10284965 n 0000 ~ 10289039 n 0000 ~ 10291110 n 0000 ~ 10291730 n 0000 ~ 10295819 n 0000 ~ 10299700 n 0000 ~ 10304383 n 0000 ~ 10308066 n 0000 ~ 10310903 n 0000 ~ 10311823 n 0000 ~ 10314182 n 0000 ~ 10321754 n 0000 ~ 10322546 n 0000 ~ 10323999 n 0000 ~ 10326551 n 0000 ~ 10328941 n 0000 ~ 10333165 n 0000 ~ 10335563 n 0000 ~ 10341955 n 0000 ~ 10344774 n 0000 ~ 10344922 n 0000 ~ 10351625 n 0000 ~ 10352299 n 0000 ~ 10355142 n 0000 ~ 10361060 n 0000 ~ 10361296 n 0000 ~ 10361390 n 0000 ~ 10361525 n 0000 ~ 10362003 n 0000 ~ 10362319 n 0000 ~ 10365399 n 0000 ~ 10367409 n 0000 ~ 10370381 n 0000 ~ 10380126 n 0000 ~ 10384496 n 0000 ~ 10385707 n 0000 ~ 10386071 n 0000 ~ 10386515 n 0000 ~ 10386618 n 0000 ~ 10389398 n 0000 ~ 10395390 n 0000 ~ 10396462 n 0000 ~ 10399299 n 0000 ~ 10402417 n 0000 ~ 10402824 n 0000 ~ 10404550 n 0000 ~ 10417682 n 0000 ~ 10418101 n 0000 ~ 10418735 n 0000 ~ 10425946 n 0000 ~ 10431625 n 0000 ~ 10435716 n 0000 ~ 10438172 n 0000 ~ 10440580 n 0000 ~ 10457777 n 0000 ~ 10461169 n 0000 ~ 10466918 n 0000 ~ 10484739 n 0000 ~ 10490965 n 0000 ~ 10495167 n 0000 ~ 10495975 n 0000 ~ 10498699 n 0000 ~ 10502046 n 0000 ~ 10503452 n 0000 ~ 10509605 n 0000 ~ 10512982 n 0000 ~ 10513823 n 0000 ~ 10516692 n 0000 ~ 10518349 n 0000 ~ 10521470 n 0000 ~ 10522759 n 0000 ~ 10524973 n 0000 ~ 10525134 n 0000 ~ 10526534 n 0000 ~ 10529231 n 0000 ~ 10530959 n 0000 ~ 10532576 n 0000 ~ 10538154 n 0000 ~ 10540656 n 0000 ~ 10541229 n 0000 ~ 10543795 n 0000 ~ 10560637 n 0000 ~ 10563711 n 0000 ~ 10569179 n 0000 ~ 10575594 n 0000 ~ 10575787 n 0000 ~ 10576223 n 0000 ~ 10579676 n 0000 ~ 10584853 n 0000 ~ 10585077 n 0000 ~ 10585976 n 0000 ~ 10594043 n 0000 ~ 10597234 n 0000 ~ 10599354 n 0000 ~ 10604180 n 0000 ~ 10605088 n 0000 ~ 10609325 n 0000 ~ 10609686 n 0000 ~ 10611541 n 0000 ~ 10612803 n 0000 ~ 10613505 n 0000 ~ 10614225 n 0000 ~ 10614363 n 0000 ~ 10616578 n 0000 ~ 10616670 n 0000 ~ 10616779 n 0000 ~ 10617904 n 0000 ~ 10618007 n 0000 ~ 10619492 n 0000 ~ 10626722 n 0000 ~ 10627349 n 0000 ~ 10635788 n 0000 ~ 10636874 n 0000 ~ 10639047 n 0000 ~ 10640968 n 0000 ~ 10641551 n 0000 ~ 10643727 n 0000 ~ 10656223 n 0000 ~ 10656488 n 0000 ~ 10659762 n 0000 ~ 10661216 n 0000 ~ 10665302 n 0000 ~ 10668666 n 0000 ~ 10676682 n 0000 ~ 10679998 n 0000 ~ 10680910 n 0000 ~ 10681060 n 0000 ~ 10681383 n 0000 ~ 10688811 n 0000 ~ 10688975 n 0000 ~ 10691600 n 0000 ~ 10699752 n 0000 ~ 10702167 n 0000 ~ 10702615 n 0000 ~ 10703336 n 0000 ~ 10708797 n 0000 ~ 10709256 n 0000 ~ 10709529 n 0000 ~ 10710632 n 0000 ~ 10717461 n 0000 ~ 10717589 n 0000 ~ 10724372 n 0000 ~ 10725734 n 0000 ~ 10726031 n 0000 ~ 10728998 n 0000 ~ 10733350 n 0000 ~ 10735564 n 0000 ~ 10737431 n 0000 ~ 10741590 n 0000 ~ 10746346 n 0000 ~ 10752480 n 0000 ~ 10753061 n 0000 ~ 10756641 n 0000 ~ 10757625 n 0000 ~ 10763725 n 0000 ~ 10763878 n 0000 ~ 10764296 n 0000 ~ 10766025 n 0000 ~ 10767020 n 0000 ~ 10768585 n 0000 ~ 10769782 n 0000 ~ 10771636 n 0000 ~ 10771990 n 0000 ~ 10781236 n 0000 ~ 10783539 n 0000 ~ 10785695 n 0000 ~ 10786517 n 0000 ~ 10791890 n 0000 ~ 10803193 n 0000,NA,a human being; "there was too much for one person to do"  
122,noun,00015388,03,unique beginner for nouns,n,Noun,6,animal 0 animate_being 0 beast 0 brute 0 creature 0 fauna 0,92,@ 00004475 n 0000 #m 01313093 n 0000 + 01617192 v 0502 + 01263445 a 0301 + 01263445 a 0302 + 01680756 v 0101 + 01680756 v 0102 -c 00057992 a 0000 -c 00147052 a 0000 -c 00160288 a 0000 -c 00214461 a 0000 -c 00313701 a 0000 -c 00314639 a 0000 -c 00315254 a 0000 -c 00315383 a 0000 -c 01427010 a 0000 -c 01488616 a 0000 -c 01904698 a 0000 -c 01958898 a 0000 -c 01959111 a 0000 -c 02252634 a 0000 -c 02252877 a 0000 -c 00227595 n 0000 -c 00320284 n 0000 ~ 01314388 n 0000 ~ 01314663 n 0000 ~ 01314781 n 0000 ~ 01314910 n 0000 ~ 01315213 n 0000 ~ 01315330 n 0000 ~ 01315581 n 0000 ~ 01315805 n 0000 ~ 01316288 n 0000 ~ 01316422 n 0000 ~ 01316949 n 0000 ~ 01317541 n 0000 ~ 01317916 n 0000 ~ 01318478 n 0000 ~ 01318660 n 0000 ~ 01318894 n 0000 ~ 01319001 n 0000 ~ 01319187 n 0000 ~ 01319467 n 0000 ~ 01320872 n 0000 ~ 01321230 n 0000 ~ 01321456 n 0000 ~ 01321579 n 0000 ~ 01323599 n 0000 ~ 01323781 n 0000 ~ 01324142 n 0000 ~ 01324305 n 0000 ~ 01324610 n 0000 ~ 01324799 n 0000 ~ 01324916 n 0000 ~ 01325060 n 0000 -c 01326291 n 0000 -c 01375204 n 0000 ~ 01384164 n 0000 ~ 01458842 n 0000 ~ 01466257 n 0000 ~ 01905661 n 0000 ~ 01908958 n 0000 ~ 02075612 n 0000 ~ 02152740 n 0000 ~ 02152881 n 0000 ~ 02152991 n 0000 ~ 02157206 n 0000 ~ 02157285 n 0000 ~ 02311060 n 0000 ~ 02384858 n 0000 ~ 02451575 n 0000 -c 04474466 n 0000 -c 04828925 n 0000 -c 05216365 n 0000 %s 05267548 n 0000 %p 05538625 n 0000 -c 05551318 n 0000 %p 05601198 n 0000 -c 05658826 n 0000 -c 07560903 n 0000 -c 09469285 n 0000 ~ 09893502 n 0000 ~ 10300303 n 0000 -c 10603959 n 0000 -c 10648033 n 0000 -c 13895852 n 0000 -c 14224547 n 0000 -c 00197423 v 0000 -c 00301856 v 0000 -c 00302130 v 0000 -c 01169589 v 0000 -c 01576478 v 0000,NA,a living organism characterized by voluntary movement  
123,noun,00017222,03,unique beginner for nouns,n,Noun,3,plant 0 flora 0 plant_life 0,92,@ 00004475 n 0000 #m 11529603 n 0000 ;c 06066555 n 0000 + 02847619 a 0201 + 02833235 a 0101 + 11531090 n 0101 + 01567275 v 0101 -c 00026706 a 0000 -c 00027074 a 0000 -c 00113476 a 0000 -c 00113663 a 0000 -c 00210079 a 0000 -c 00213814 a 0000 -c 00214461 a 0000 -c 00214907 a 0000 -c 00313387 a 0000 -c 00314927 a 0000 -c 00315383 a 0000 -c 00405554 a 0000 -c 00707206 a 0000 -c 00753786 a 0000 -c 00753922 a 0000 -c 00913551 a 0000 -c 00914104 a 0000 -c 01029399 a 0000 -c 01029563 a 0000 -c 01029710 a 0000 -c 01029873 a 0000 -c 01426749 a 0000 -c 01865640 a 0000 -c 02039491 a 0000 -c 02253389 a 0000 -c 02253536 a 0000 -c 02253655 a 0000 -c 02253817 a 0000 -c 02386002 a 0000 -c 02524192 a 0000 -c 02524688 a 0000 -c 00700421 n 0000 -c 01326291 n 0000 ~ 01383896 n 0000 -c 01384687 n 0000 -c 03060074 n 0000 -c 05055503 n 0000 -c 07312221 n 0000 -c 08436759 n 0000 %p 09305358 n 0000 ~ 11530008 n 0000 ~ 11530512 n 0000 ~ 11530715 n 0000 ~ 11530860 n 0000 ~ 11530990 n 0000 ~ 11531090 n 0000 ~ 11531193 n 0000 ~ 11536087 n 0000 ~ 11536230 n 0000 ~ 11536369 n 0000 ~ 11536567 n 0000 ~ 11536673 n 0000 ~ 11552133 n 0000 ~ 11552806 n 0000 ~ 11552976 n 0000 ~ 11553240 n 0000 ~ 11553419 n 0000 ~ 11553522 n 0000 ~ 11553634 n 0000 ~ 11686503 n 0000 ~ 11686780 n 0000 ~ 11686912 n 0000 ~ 11687071 n 0000 ~ 13083023 n 0000 ~ 13083306 n 0000 ~ 13083586 n 0000 %p 13086908 n 0000 ~ 13100156 n 0000 ~ 13122985 n 0000 ~ 13123681 n 0000 ~ 13124654 n 0000 -c 13155899 n 0000 ~ 13179056 n 0000 -c 13521616 n 0000 -c 13534608 n 0000 -c 13537429 n 0000 -c 14215908 n 0000 -c 14979730 n 0000 -c 15068436 n 0000 -c 00055871 v 0000 -c 00134136 v 0000 -c 00259560 v 0000 -c 00302464 v 0000 -c 00396325 v 0000 -c 01608122 v 0000,NA,(botany) a living organism lacking the power of locomotion  
124,noun,00019046,03,unique beginner for nouns,n,Noun,1,native 0,1,@ 00004475 n 0000,NA,indigenous plants and animals  
125,noun,00019128,03,unique beginner for nouns,n,Noun,1,natural_object 0,22,@ 00003553 n 0000 ! 00021939 n 0101 ~ 02312744 n 0000 ~ 05216365 n 0000 ~ 05217859 n 0000 ~ 09208496 n 0000 ~ 09222406 n 0000 ~ 09224911 n 0000 ~ 09236766 n 0000 ~ 09239740 n 0000 ~ 09252586 n 0000 ~ 09252970 n 0000 ~ 09257949 n 0000 ~ 09277686 n 0000 ~ 09349797 n 0000 ~ 09369169 n 0000 ~ 09403211 n 0000 ~ 09416076 n 0000 ~ 09421425 n 0000 ~ 09454412 n 0000 ~ 09466280 n 0000 ~ 13086908 n 0000,NA,an object occurring naturally; not made by man  
126,noun,00019613,03,unique beginner for nouns,n,Noun,1,substance 0,19,@ 00020827 n 0000 @ 13809207 n 0000 + 00625393 a 0101 ~ 05263850 n 0000 ~ 05432736 n 0000 ~ 14580752 n 0000 ~ 14580897 n 0000 ~ 14583228 n 0000 ~ 14586258 n 0000 ~ 14619225 n 0000 ~ 14622893 n 0000 ~ 14723079 n 0000 ~ 14738892 n 0000 ~ 14840755 n 0000 ~ 14899152 n 0000 ~ 14899530 n 0000 ~ 14939900 n 0000 ~ 15093735 n 0000 ~ 15110096 n 0000,NA,the real physical matter of which a person or thing consists; "DNA is the substance of our genes"  
127,noun,00020090,03,unique beginner for nouns,n,Noun,1,substance 1,32,@ 00020827 n 0000 ~ 00021265 n 0000 ~ 00021734 n 0000 ~ 14582870 n 0000 ~ 14584260 n 0000 ~ 14584390 n 0000 ~ 14584502 n 0000 ~ 14584658 n 0000 ~ 14590975 n 0000 ~ 14616939 n 0000 ~ 14691822 n 0000 ~ 14710024 n 0000 ~ 14724436 n 0000 ~ 14738752 n 0000 ~ 14778436 n 0000 ~ 14793812 n 0000 ~ 14834714 n 0000 ~ 14873056 n 0000 ~ 14875077 n 0000 ~ 14890659 n 0000 ~ 14908683 n 0000 ~ 14919272 n 0000 ~ 14925198 n 0000 ~ 14934031 n 0000 ~ 15003797 n 0000 ~ 15029646 n 0000 ~ 15032376 n 0000 ~ 15032661 n 0000 ~ 15037339 n 0000 ~ 15110307 n 0000 ~ 15110796 n 0000 ~ 15112086 n 0000,NA,a particular kind or species of matter with uniform properties; "shigella is one of the most toxic substances known to man"  
128,noun,00020827,03,unique beginner for nouns,n,Noun,1,matter 0,16,@ 00001930 n 0000 ~ 00019613 n 0000 ~ 00020090 n 0000 ~ 09428967 n 0000 ~ 14582025 n 0000 ~ 14582220 n 0000 ~ 14582535 n 0000 ~ 14583573 n 0000 ~ 14939445 n 0000 ~ 14956661 n 0000 ~ 14981183 n 0000 ~ 15004501 n 0000 ~ 15046900 n 0000 ~ 15047849 n 0000 ~ 15109745 n 0000 ~ 15110956 n 0000,NA,that which has mass and occupies space; "physicists study both the nature of matter and the forces which govern it"  
129,noun,00004258,03,unique beginner for nouns,n,Noun,2,living_thing 0 animate_thing 0,7,@ 00003553 n 0000 -c 01646941 a 0000 ~ 00004475 n 0000 ~ 00006269 n 0000 ~ 00006400 n 0000 ~ 00006484 n 0000 -c 05056234 n 0000,NA,a living (or once living) entity  
130,noun,07993776,14,nouns denoting groupings of people or objects,n,Noun,1,wildlife 0,1,@ 00006269 n 0000,NA,all living things (except people) that are undomesticated; "chemicals could kill all the wildlife"
